Feature,Importance
Weight,0.3681923343531165
Height,0.09621234570395756
Age,0.09465269120278777
FCVC,0.09164869190745163
Gender,0.06313031882301491
TUE,0.04378621491220004
CH2O,0.04008278564303887
id,0.03889913006361959
FAF,0.03845991179695946
NCP,0.027968931603872794
CAEC,0.02462374197799226
family_history_with_overweight,0.023400218025692643
CALC,0.020500000589142225
MTRANS,0.012910670825568004
FAVC,0.010317041618036326
SCC,0.00439037185963104
SMOKE,0.0008245990939184474
